{
 "acc_macro": [
  0.0,
  0.0,
  0.0
 ],
 "prec_macro": [
  0.0,
  0.0,
  0.0
 ],
 "rec_macro": [
  0.0,
  0.0,
  0.0
 ],
 "f1_macro": [
  0.0,
  0.0,
  0.0
 ],
 "acc_micro": [
  0.0,
  0.0,
  0.0
 ],
 "prec_micro": [
  0.0,
  0.0,
  0.0
 ],
 "rec_micro": [
  0.0,
  0.0,
  0.0
 ],
 "f1_micro": [
  0.0,
  0.0,
  0.0
 ],
 "rec_at_5": [
  0.09870315821074396,
  0.1851678589378711,
  0.18058073132622324
 ],
 "prec_at_5": [
  0.25039852851011657,
  0.4772532188841202,
  0.4701410177805028
 ],
 "f1_at_5": [
  0.1415927021574867,
  0.2668150506398209,
  0.26093613417348305
 ],
 "rec_at_8": [
  0.15920326564250797,
  0.23900028776084653,
  0.24044230940633532
 ],
 "prec_at_8": [
  0.2500766400980993,
  0.38603617412630287,
  0.3938534641324341
 ],
 "f1_at_8": [
  0.19455153896441812,
  0.29522359839205903,
  0.2985958300032706
 ],
 "rec_at_15": [
  0.2698050572903923,
  0.3524776064369418,
  0.3804442466833901
 ],
 "prec_at_15": [
  0.2299202942979767,
  0.3066421418352749,
  0.3328019619865113
 ],
 "f1_at_15": [
  0.24827100717670808,
  0.32796616538989204,
  0.3550319375936853
 ],
 "auc_macro": [
  0.5341222796549502,
  0.5310448777353483,
  0.5293628230742524
 ],
 "auc_micro": [
  0.7541333942015935,
  0.8158977983816049,
  0.8408809651466587
 ],
 "loss_dev": [
  0.1947146454594166,
  0.1730263296270356,
  0.1657989875788633
 ],
 "acc_macro_te": [
  0.0
 ],
 "prec_macro_te": [
  0.0
 ],
 "rec_macro_te": [
  0.0
 ],
 "f1_macro_te": [
  0.0
 ],
 "acc_micro_te": [
  0.0
 ],
 "prec_micro_te": [
  0.0
 ],
 "rec_micro_te": [
  0.0
 ],
 "f1_micro_te": [
  0.0
 ],
 "rec_at_5_te": [
  0.1786085885264039
 ],
 "prec_at_5_te": [
  0.4763938315539739
 ],
 "f1_at_5_te": [
  0.2598098181869289
 ],
 "rec_at_8_te": [
  0.23645169532384144
 ],
 "prec_at_8_te": [
  0.3980946026097272
 ],
 "f1_at_8_te": [
  0.29668487230287344
 ],
 "rec_at_15_te": [
  0.37159245572538246
 ],
 "prec_at_15_te": [
  0.3346975088967971
 ],
 "f1_at_15_te": [
  0.3521813291589369
 ],
 "auc_macro_te": [
  0.5204019505397566
 ],
 "auc_micro_te": [
  0.8390776100992435
 ],
 "loss_test_te": [
  0.16896134775799224
 ],
 "loss_tr": [
  0.24868089735507964,
  0.13304961055517198,
  0.11874613761901856
 ]
}