{
 "acc_macro": [
  0.4378186396845751,
  0.43789952827902007,
  0.4440548777183914,
  0.44672837661538006,
  0.424520512218203
 ],
 "prec_macro": [
  0.6954842237220749,
  0.6884353979321844,
  0.688938469215622,
  0.6702924588829208,
  0.7233598602455718
 ],
 "rec_macro": [
  0.5265790824322621,
  0.5266578901327417,
  0.5413389160164721,
  0.5545052455624548,
  0.5024924969631505
 ],
 "f1_macro": [
  0.5993592026359928,
  0.5967771161752734,
  0.6062847429433564,
  0.6069258346297173,
  0.5930288427317087
 ],
 "acc_micro": [
  0.49480193583078963,
  0.49050179211469097,
  0.49401436552274103,
  0.49480666841232,
  0.48170011806375007
 ],
 "prec_micro": [
  0.7464845862628346,
  0.7446605903958544,
  0.736417713152667,
  0.7228101491776013,
  0.7542662116040848
 ],
 "rec_micro": [
  0.5947430787460886,
  0.5896800603253195,
  0.6001292685554174,
  0.6106862005817019,
  0.5713670149736015
 ],
 "f1_micro": [
  0.6620300977276735,
  0.658170013225915,
  0.6613247863247784,
  0.6620343337615244,
  0.6501992031872431
 ],
 "rec_at_5": [
  0.6296211394432834,
  0.6302853460103119,
  0.6284840184035733,
  0.6277422085274801,
  0.6298981722219054
 ],
 "prec_at_5": [
  0.6367450731087095,
  0.6376350921805467,
  0.6356007628734902,
  0.6362364907819453,
  0.6358550540368723
 ],
 "f1_at_5": [
  0.6331630684581968,
  0.6339389169824814,
  0.6320223571516169,
  0.631960807705763,
  0.632862596004952
 ],
 "rec_at_8": [
  0.7677016477791799,
  0.7637353837411063,
  0.7634189496277872,
  0.7589228038922624,
  0.7653154976376119
 ],
 "prec_at_8": [
  0.5160521296884933,
  0.5150190718372537,
  0.5137476160203432,
  0.5122377622377622,
  0.5156547997457088
 ],
 "f1_at_8": [
  0.6172119253012872,
  0.615189705494653,
  0.6141793497342237,
  0.6116440820068928,
  0.6161557539355148
 ],
 "rec_at_15": [
  0.8993636332328495,
  0.89877831941047,
  0.8986946164603822,
  0.8986685392342287,
  0.8994184541847159
 ],
 "prec_at_15": [
  0.3414706505615597,
  0.34049586776859503,
  0.34134350497986865,
  0.34032634032634035,
  0.3406230133502861
 ],
 "f1_at_15": [
  0.4949996771403082,
  0.4938863521330628,
  0.49476474147880695,
  0.493691427090441,
  0.4941167406865071
 ],
 "auc_macro": [
  0.9061610191257374,
  0.9048688263009187,
  0.9057395436669482,
  0.9063071323271,
  0.9047176278760958
 ],
 "auc_micro": [
  0.9318346686539598,
  0.9316476331410066,
  0.9315807994138081,
  0.9315042806857458,
  0.9302291792355366
 ],
 "loss_dev": [
  0.1905224139767226,
  0.19221129865567357,
  0.19258016673700015,
  0.19400854529049164,
  0.19739040850323625
 ],
 "loss_tr": [
  0.16222746880693645,
  0.15492943942738832,
  0.15149884318011722,
  0.14797673591507673,
  0.1445051136143262
 ]
}