{
 "acc_macro": [
  0.0,
  0.0,
  0.0
 ],
 "prec_macro": [
  0.0,
  0.0,
  0.0
 ],
 "rec_macro": [
  0.0,
  0.0,
  0.0
 ],
 "f1_macro": [
  0.0,
  0.0,
  0.0
 ],
 "acc_micro": [
  0.0,
  0.0,
  0.0
 ],
 "prec_micro": [
  0.0,
  0.0,
  0.0
 ],
 "rec_micro": [
  0.0,
  0.0,
  0.0
 ],
 "f1_micro": [
  0.0,
  0.0,
  0.0
 ],
 "rec_at_5": [
  0.04776883902040498,
  0.06691606021171989,
  0.07699518244242025
 ],
 "prec_at_5": [
  0.12458614347026363,
  0.1841814837522992,
  0.21496014714898837
 ],
 "f1_at_5": [
  0.06905904715491831,
  0.09816662530493589,
  0.11337964455554782
 ],
 "rec_at_8": [
  0.07227203977720843,
  0.08231926419864534,
  0.09958211506903997
 ],
 "prec_at_8": [
  0.12040159411404047,
  0.14071122011036175,
  0.17014101778050275
 ],
 "f1_at_8": [
  0.09032547550289868,
  0.10387139802763562,
  0.12563254943381338
 ],
 "rec_at_15": [
  0.108808812025288,
  0.10145742971490707,
  0.14443017711414272
 ],
 "prec_at_15": [
  0.09912119354179441,
  0.09254036378499898,
  0.13161659513590843
 ],
 "f1_at_15": [
  0.10373932599479257,
  0.09679396126237913,
  0.13772599470513205
 ],
 "auc_macro": [
  0.5104332314514887,
  0.5170770562781809,
  0.5188560708397998
 ],
 "auc_micro": [
  0.6426991404973951,
  0.6913910469424589,
  0.7740341558586006
 ],
 "loss_dev": [
  0.11943018564338848,
  0.09063438794122818,
  0.08102634921098947
 ],
 "acc_macro_te": [
  0.0
 ],
 "prec_macro_te": [
  0.0
 ],
 "rec_macro_te": [
  0.0
 ],
 "f1_macro_te": [
  0.0
 ],
 "acc_micro_te": [
  0.0
 ],
 "prec_micro_te": [
  0.0
 ],
 "rec_micro_te": [
  0.0
 ],
 "f1_micro_te": [
  0.0
 ],
 "rec_at_5_te": [
  0.07626363023538371
 ],
 "prec_at_5_te": [
  0.21767497034400948
 ],
 "f1_at_5_te": [
  0.11295340875333444
 ],
 "rec_at_8_te": [
  0.09712090539174836
 ],
 "prec_at_8_te": [
  0.17155990510083036
 ],
 "f1_at_8_te": [
  0.12402860689431557
 ],
 "rec_at_15_te": [
  0.14432765923364557
 ],
 "prec_at_15_te": [
  0.13390668248319493
 ],
 "f1_at_15_te": [
  0.13892201745686075
 ],
 "auc_macro_te": [
  0.5121739381594281
 ],
 "auc_micro_te": [
  0.7716460227874701
 ],
 "loss_test_te": [
  0.08264049223081726
 ],
 "loss_tr": [
  0.2944768807291985,
  0.07464524775743485,
  0.05736783593893051
 ]
}