{
 "acc_macro": [
  0.0,
  0.0,
  1.5856278689952624e-05
 ],
 "prec_macro": [
  0.0,
  0.0,
  0.0025740025739596738
 ],
 "rec_macro": [
  0.0,
  0.0,
  1.588890477779367e-05
 ],
 "f1_macro": [
  0.0,
  0.0,
  3.158285366874002e-05
 ],
 "acc_micro": [
  0.0,
  0.0,
  0.0001817768688934325
 ],
 "prec_micro": [
  0.0,
  0.0,
  0.6666666666555555
 ],
 "rec_micro": [
  0.0,
  0.0,
  0.0001817933918102069
 ],
 "f1_micro": [
  0.0,
  0.0,
  0.00036348766413739505
 ],
 "rec_at_5": [
  0.0739024831517918,
  0.16627149034047126,
  0.1805099993568503
 ],
 "prec_at_5": [
  0.19717964438994484,
  0.43028816676885345,
  0.46376456161863894
 ],
 "f1_at_5": [
  0.10751033629216766,
  0.23985750263838349,
  0.25987101087076847
 ],
 "rec_at_8": [
  0.11068977328087855,
  0.24543124570422362,
  0.24647297315305836
 ],
 "prec_at_8": [
  0.18056407112201103,
  0.39852851011649293,
  0.39967811158798283
 ],
 "f1_at_8": [
  0.13724520022142953,
  0.303780936005481,
  0.30491275119276434
 ],
 "rec_at_15": [
  0.1624560029470675,
  0.3385363648296997,
  0.3674197363771401
 ],
 "prec_at_15": [
  0.14269364398119763,
  0.29478847332924585,
  0.3228285305538524
 ],
 "f1_at_15": [
  0.15193489017922251,
  0.31515144248782423,
  0.3436837997971369
 ],
 "auc_macro": [
  0.5281571107205479,
  0.5219636950854264,
  0.5236742565586763
 ],
 "auc_micro": [
  0.7074713781751717,
  0.7712957688540548,
  0.8144766409148978
 ],
 "loss_dev": [
  0.2121720099050819,
  0.18113459616552313,
  0.16989786440539698
 ],
 "acc_macro_te": [
  1.1311534749034196e-05
 ],
 "prec_macro_te": [
  0.002574002573973974
 ],
 "rec_macro_te": [
  1.132812868754189e-05
 ],
 "f1_macro_te": [
  2.255698458229994e-05
 ],
 "acc_micro_te": [
  0.00012894075172458226
 ],
 "prec_micro_te": [
  0.6666666666592592
 ],
 "rec_micro_te": [
  0.0001289490651192776
 ],
 "f1_micro_te": [
  0.00025784825630116565
 ],
 "rec_at_5_te": [
  0.1768407981634494
 ],
 "prec_at_5_te": [
  0.46779359430604983
 ],
 "f1_at_5_te": [
  0.2566570867431489
 ],
 "rec_at_8_te": [
  0.24372682415606564
 ],
 "prec_at_8_te": [
  0.4052861803084223
 ],
 "f1_at_8_te": [
  0.30439794864332104
 ],
 "rec_at_15_te": [
  0.36386995757299373
 ],
 "prec_at_15_te": [
  0.3280743376828786
 ],
 "f1_at_15_te": [
  0.3450462592203702
 ],
 "auc_macro_te": [
  0.5299797012954084
 ],
 "auc_micro_te": [
  0.811561994141547
 ],
 "loss_test_te": [
  0.17303985004862363
 ],
 "loss_tr": [
  0.33305936932563784,
  0.1450706559419632,
  0.12488241463899613
 ]
}