{
 "acc_macro": [
  3.580031606564042e-05,
  5.1657828873099895e-06,
  1.2914457218274975e-05
 ],
 "prec_macro": [
  0.0009458820349926571,
  0.001283697047432606,
  0.0012836970474711168
 ],
 "rec_macro": [
  3.6160480211177205e-05,
  5.16578288731103e-06,
  1.2914457218277574e-05
 ],
 "f1_macro": [
  6.965797932151779e-05,
  1.0290156693358987e-05,
  2.55716543326003e-05
 ],
 "acc_micro": [
  0.0006298645791154874,
  9.005763688760767e-05,
  0.0002251440922190192
 ],
 "prec_micro": [
  0.4242424242411386,
  0.99999999995,
  0.99999999998
 ],
 "rec_micro": [
  0.0006304034582132537,
  9.005763688760767e-05,
  0.0002251440922190192
 ],
 "f1_micro": [
  0.0012589361989119082,
  0.00018009905447996237,
  0.0004501868275334224
 ],
 "rec_at_5": [
  0.029604135938689206,
  0.05597632896686533,
  0.09991454485039465
 ],
 "prec_at_5": [
  0.0814224402207235,
  0.16039239730226854,
  0.2643776824034335
 ],
 "f1_at_5": [
  0.04342097310635189,
  0.08298960529081537,
  0.14502190181255736
 ],
 "rec_at_8": [
  0.03767977878004576,
  0.08147722525804756,
  0.13401515127254346
 ],
 "prec_at_8": [
  0.06583384426732067,
  0.14262722256284488,
  0.220570202329859
 ],
 "f1_at_8": [
  0.04792808164192139,
  0.10370941276426753,
  0.16672853929887357
 ],
 "rec_at_15": [
  0.06190963702889491,
  0.11607871394892594,
  0.19666548166056802
 ],
 "prec_at_15": [
  0.05775597792765174,
  0.10574289801757611,
  0.17392192928673617
 ],
 "f1_at_15": [
  0.059760719585959375,
  0.1106700064281047,
  0.18459580106662032
 ],
 "auc_macro": [
  0.5079049700510238,
  0.5060234704458031,
  0.5075717419682598
 ],
 "auc_micro": [
  0.6719107784108994,
  0.7523899432944118,
  0.7992655125838344
 ],
 "loss_dev": [
  0.1209508946963719,
  0.08730246031406758,
  0.07874747168713556
 ],
 "acc_macro_te": [
  1.3925707615841524e-05
 ],
 "prec_macro_te": [
  0.0010862051940273905
 ],
 "rec_macro_te": [
  1.395322877713903e-05
 ],
 "f1_macro_te": [
  2.7552521995050378e-05
 ],
 "acc_micro_te": [
  0.000233352425804535
 ],
 "prec_micro_te": [
  0.8461538461473372
 ],
 "rec_micro_te": [
  0.0002333623268345456
 ],
 "f1_micro_te": [
  0.00046659597030752713
 ],
 "rec_at_5_te": [
  0.09787726090033098
 ],
 "prec_at_5_te": [
  0.2670818505338079
 ],
 "f1_at_5_te": [
  0.14325571905146536
 ],
 "rec_at_8_te": [
  0.1300016311073965
 ],
 "prec_at_8_te": [
  0.22130782918149466
 ],
 "f1_at_8_te": [
  0.16378937673225613
 ],
 "rec_at_15_te": [
  0.19502155113459865
 ],
 "prec_at_15_te": [
  0.17738236457097664
 ],
 "f1_at_15_te": [
  0.18578421130192666
 ],
 "auc_macro_te": [
  0.5134176172725299
 ],
 "auc_micro_te": [
  0.7971427293037635
 ],
 "loss_test_te": [
  0.08028230476242845
 ],
 "loss_tr": [
  0.2952098202705383,
  0.0764357578754425,
  0.057194089889526366
 ]
}