{
 "acc_macro": [
  0.19382355436051776,
  0.29678315960025525,
  0.3469093839235863
 ],
 "prec_macro": [
  0.46400983846230903,
  0.5514289054426568,
  0.5731986497219477
 ],
 "rec_macro": [
  0.2277788997240682,
  0.3740949489084709,
  0.4121254061486376
 ],
 "f1_macro": [
  0.30556048293926585,
  0.4457729905899607,
  0.47949651673080695
 ],
 "acc_micro": [
  0.29192050334564773,
  0.4043416705993355,
  0.4416682869920237
 ],
 "prec_micro": [
  0.699282296650701,
  0.6996570308672105,
  0.7480652066523835
 ],
 "rec_micro": [
  0.3338282320694343,
  0.4892645043398756,
  0.5188442211055218
 ],
 "f1_micro": [
  0.4519171304885521,
  0.5758451508837882,
  0.6127183222064791
 ],
 "rec_at_5": [
  0.5280018283533484,
  0.5811045663654952,
  0.6172013825958144
 ],
 "prec_at_5": [
  0.5201525746980292,
  0.5729179910998093,
  0.6053401144310234
 ],
 "f1_at_5": [
  0.5240478113982581,
  0.5769822411656883,
  0.61121320867415
 ],
 "rec_at_8": [
  0.6631482637274305,
  0.7190357934014677,
  0.7524058074958377
 ],
 "prec_at_8": [
  0.42403051493960586,
  0.4633661792752702,
  0.4856166560712015
 ],
 "f1_at_8": [
  0.5172932092997886,
  0.5635593918984256,
  0.5902652059994635
 ],
 "rec_at_15": [
  0.8344116117647399,
  0.8731527436638503,
  0.8968673969557445
 ],
 "prec_at_15": [
  0.29824115278660734,
  0.31239669421487604,
  0.3227802500529774
 ],
 "f1_at_15": [
  0.43942131036041016,
  0.4601580026106653,
  0.47471264895847076
 ],
 "auc_macro": [
  0.8159551028706175,
  0.8518202549368019,
  0.8720570452799208
 ],
 "auc_micro": [
  0.8600937311131935,
  0.8879588265110646,
  0.9051258301443239
 ],
 "loss_dev": [
  0.288079399395277,
  0.2608613740020471,
  0.24131935109483232
 ],
 "acc_macro_te": [
  0.3473494563227054
 ],
 "prec_macro_te": [
  0.5900625660796825
 ],
 "rec_macro_te": [
  0.4140403349408472
 ],
 "f1_macro_te": [
  0.48662283964597847
 ],
 "acc_micro_te": [
  0.435741249142069
 ],
 "prec_micro_te": [
  0.7441758241758133
 ],
 "rec_micro_te": [
  0.5125126135216901
 ],
 "f1_micro_te": [
  0.6069913355243429
 ],
 "rec_at_5_te": [
  0.6087805846553679
 ],
 "prec_at_5_te": [
  0.6090225563909775
 ],
 "f1_at_5_te": [
  0.608901546483852
 ],
 "rec_at_8_te": [
  0.7441535899676444
 ],
 "prec_at_8_te": [
  0.4908906882591093
 ],
 "f1_at_8_te": [
  0.5915546096439392
 ],
 "rec_at_15_te": [
  0.8967923880951644
 ],
 "prec_at_15_te": [
  0.33117408906882595
 ],
 "f1_at_15_te": [
  0.48371744299923686
 ],
 "auc_macro_te": [
  0.8730379493514067
 ],
 "auc_micro_te": [
  0.9046730767972406
 ],
 "loss_test_te": [
  0.2460207815517436
 ],
 "loss_tr": [
  0.29807064167343744,
  0.25722407964196536,
  0.23453956948648585
 ]
}