{
 "acc_macro": [
  0.0,
  0.0,
  0.0
 ],
 "prec_macro": [
  0.0,
  0.0,
  0.0
 ],
 "rec_macro": [
  0.0,
  0.0,
  0.0
 ],
 "f1_macro": [
  0.0,
  0.0,
  0.0
 ],
 "acc_micro": [
  0.0,
  0.0,
  0.0
 ],
 "prec_micro": [
  0.0,
  0.0,
  0.0
 ],
 "rec_micro": [
  0.0,
  0.0,
  0.0
 ],
 "f1_micro": [
  0.0,
  0.0,
  0.0
 ],
 "rec_at_5": [
  0.03563049332039261,
  0.12507815239961637,
  0.17772618403397517
 ],
 "prec_at_5": [
  0.09736358062538321,
  0.3336603310852238,
  0.46327406499080326
 ],
 "f1_at_5": [
  0.05216942839929313,
  0.18194949516400555,
  0.2568982831379228
 ],
 "rec_at_8": [
  0.05718291922117552,
  0.18149955704621873,
  0.24087560405912925
 ],
 "prec_at_8": [
  0.09779276517473942,
  0.30142550582464744,
  0.39730226854690376
 ],
 "f1_at_8": [
  0.0721671378732742,
  0.22657178098969352,
  0.29991771272012335
 ],
 "rec_at_15": [
  0.10228862607821783,
  0.2899329486404261,
  0.35518524082797676
 ],
 "prec_at_15": [
  0.09249948906601266,
  0.25665236051502144,
  0.31240547721234413
 ],
 "f1_at_15": [
  0.0971480795170045,
  0.27227945725296926,
  0.33242467775875706
 ],
 "auc_macro": [
  0.5159304648185826,
  0.5187816782354948,
  0.5197602238652342
 ],
 "auc_micro": [
  0.6652218619116286,
  0.7549072261402058,
  0.80464438559318
 ],
 "loss_dev": [
  0.2248243952111771,
  0.18591788575592252,
  0.17358987234820625
 ],
 "acc_macro_te": [
  0.0
 ],
 "prec_macro_te": [
  0.0
 ],
 "rec_macro_te": [
  0.0
 ],
 "f1_macro_te": [
  0.0
 ],
 "acc_micro_te": [
  0.0
 ],
 "prec_micro_te": [
  0.0
 ],
 "rec_micro_te": [
  0.0
 ],
 "f1_micro_te": [
  0.0
 ],
 "rec_at_5_te": [
  0.17541232317088007
 ],
 "prec_at_5_te": [
  0.4686832740213523
 ],
 "f1_at_5_te": [
  0.2552814280544846
 ],
 "rec_at_8_te": [
  0.23860438508287246
 ],
 "prec_at_8_te": [
  0.40276542111506525
 ],
 "f1_at_8_te": [
  0.299676082999597
 ],
 "rec_at_15_te": [
  0.35040862611520485
 ],
 "prec_at_15_te": [
  0.3156385923289838
 ],
 "f1_at_15_te": [
  0.3321160495055933
 ],
 "auc_macro_te": [
  0.5261664968853313
 ],
 "auc_micro_te": [
  0.8029321230667555
 ],
 "loss_test_te": [
  0.17660224642538302
 ],
 "loss_tr": [
  0.365132799744606,
  0.14629191756248475,
  0.12523360252380372
 ]
}