{
 "acc_macro": [
  0.038551168584175566,
  0.012231567174034678,
  0.002676193473362596
 ],
 "prec_macro": [
  0.055124781821660716,
  0.03760535194823926,
  0.012957437785656854
 ],
 "rec_macro": [
  0.24508941876656082,
  0.05412185642425643,
  0.0145589968188698
 ],
 "f1_macro": [
  0.09000574063340538,
  0.044376613984831816,
  0.013711608950314197
 ],
 "acc_micro": [
  0.10594927512301434,
  0.08990406147608587,
  0.0195634717862617
 ],
 "prec_micro": [
  0.1146274362684673,
  0.15738219031113249,
  0.09037261844545455
 ],
 "rec_micro": [
  0.5832386492750963,
  0.17333999909103226,
  0.024360314502567725
 ],
 "f1_micro": [
  0.19159879662876866,
  0.16497610139066046,
  0.03837617240638621
 ],
 "rec_at_5": [
  0.08043334784887343,
  0.04374789181706784,
  0.05012972631208335
 ],
 "prec_at_5": [
  0.21729000613120783,
  0.1237277743715512,
  0.13549969343960763
 ],
 "f1_at_5": [
  0.11740672952652935,
  0.06464018816771884,
  0.07318411657575469
 ],
 "rec_at_8": [
  0.12364799031415087,
  0.08413135921816044,
  0.08245751213117379
 ],
 "prec_at_8": [
  0.20723482526057632,
  0.14983139178418148,
  0.14347026364193746
 ],
 "f1_at_8": [
  0.15488365342918498,
  0.10775662869706747,
  0.10472551207336527
 ],
 "rec_at_15": [
  0.19895778137998615,
  0.17792010233259814,
  0.15320843625548333
 ],
 "prec_at_15": [
  0.1753525444512569,
  0.161250766400981,
  0.1419578990394441
 ],
 "f1_at_15": [
  0.18641085108128455,
  0.16917580785399583,
  0.14736875534410432
 ],
 "auc_macro": [
  0.5286674009062343,
  0.5014722526756745,
  0.49949143918480515
 ],
 "auc_micro": [
  0.7255695025853264,
  0.7227181819248326,
  0.7346930351494847
 ],
 "loss_dev": [
  0.578422685184046,
  0.3567882710296928,
  0.23835733835314185
 ],
 "acc_macro_te": [
  0.003162864129961832
 ],
 "prec_macro_te": [
  0.03729169647586772
 ],
 "rec_macro_te": [
  0.012944572269309793
 ],
 "f1_macro_te": [
  0.019218189253889392
 ],
 "acc_micro_te": [
  0.021787972203354367
 ],
 "prec_micro_te": [
  0.10306475531388941
 ],
 "rec_micro_te": [
  0.02688588007736938
 ],
 "f1_micro_te": [
  0.042646758028226484
 ],
 "rec_at_5_te": [
  0.04945642974469924
 ],
 "prec_at_5_te": [
  0.13795966785290628
 ],
 "f1_at_5_te": [
  0.07281116945907933
 ],
 "rec_at_8_te": [
  0.08259228640450691
 ],
 "prec_at_8_te": [
  0.14716785290628706
 ],
 "f1_at_8_te": [
  0.10580538028252645
 ],
 "rec_at_15_te": [
  0.154467830238977
 ],
 "prec_at_15_te": [
  0.1460063266113088
 ],
 "f1_at_15_te": [
  0.15011793832272685
 ],
 "auc_macro_te": [
  0.4937116408850165
 ],
 "auc_micro_te": [
  0.7352856739492595
 ],
 "loss_test_te": [
  0.23899300057498443
 ],
 "loss_tr": [
  0.6216901285307748,
  0.41345418776784626,
  0.28494193298476084
 ]
}