{
 "acc_macro": [
  5.720005720004873e-06,
  0.0,
  0.0
 ],
 "prec_macro": [
  0.0038610038606177607,
  0.0,
  0.0
 ],
 "rec_macro": [
  5.72000572000572e-06,
  0.0,
  0.0
 ],
 "f1_macro": [
  1.1423088346163578e-05,
  0.0,
  0.0
 ],
 "acc_micro": [
  4.544834795255172e-05,
  0.0,
  0.0
 ],
 "prec_micro": [
  0.9999999999,
  0.0,
  0.0
 ],
 "rec_micro": [
  4.544834795255172e-05,
  0.0,
  0.0
 ],
 "f1_micro": [
  9.089256498818315e-05,
  0.0,
  0.0
 ],
 "rec_at_5": [
  0.06697579159926824,
  0.13845463814562595,
  0.16816947927844136
 ],
 "prec_at_5": [
  0.18123850398528513,
  0.3730226854690374,
  0.4441446965052115
 ],
 "f1_at_5": [
  0.09780735830782665,
  0.20195116597440713,
  0.2439648967459259
 ],
 "rec_at_8": [
  0.10089033528558305,
  0.19909331564873553,
  0.2425231273951233
 ],
 "prec_at_8": [
  0.16822501532801962,
  0.33177498467198036,
  0.40121091354996935
 ],
 "f1_at_8": [
  0.12613385420912046,
  0.24885336610887243,
  0.30230784550818085
 ],
 "rec_at_15": [
  0.16851637893615629,
  0.2870802473439461,
  0.35454909521714756
 ],
 "prec_at_15": [
  0.15050071530758224,
  0.2534641324340895,
  0.31072961373390556
 ],
 "f1_at_15": [
  0.15899985316497123,
  0.2692269073702201,
  0.33119623978417584
 ],
 "auc_macro": [
  0.5143783087574062,
  0.5150976335283216,
  0.5154000994449001
 ],
 "auc_micro": [
  0.6698393708655106,
  0.7573955190478582,
  0.8106000662673337
 ],
 "loss_dev": [
  0.22038720141134696,
  0.1846374557573396,
  0.17251645303134316
 ],
 "acc_macro_te": [
  0.0
 ],
 "prec_macro_te": [
  0.0
 ],
 "rec_macro_te": [
  0.0
 ],
 "f1_macro_te": [
  0.0
 ],
 "acc_micro_te": [
  0.0
 ],
 "prec_micro_te": [
  0.0
 ],
 "rec_micro_te": [
  0.0
 ],
 "f1_micro_te": [
  0.0
 ],
 "rec_at_5_te": [
  0.16499136120037872
 ],
 "prec_at_5_te": [
  0.447508896797153
 ],
 "f1_at_5_te": [
  0.24109410916244745
 ],
 "rec_at_8_te": [
  0.24010854222831268
 ],
 "prec_at_8_te": [
  0.40502669039145905
 ],
 "f1_at_8_te": [
  0.3014883183438489
 ],
 "rec_at_15_te": [
  0.3512140738894492
 ],
 "prec_at_15_te": [
  0.31526294978252273
 ],
 "f1_at_15_te": [
  0.33226887351489975
 ],
 "auc_macro_te": [
  0.5288140080970017
 ],
 "auc_micro_te": [
  0.8083005355532039
 ],
 "loss_test_te": [
  0.175585740960666
 ],
 "loss_tr": [
  0.3308866274356842,
  0.14260440379381178,
  0.12388931810855866
 ]
}