{
 "acc_macro": [
  0.18994511576789447,
  0.28215533444211494,
  0.3352168555727457
 ],
 "prec_macro": [
  0.4475246647888389,
  0.5251932314786997,
  0.6095832176345896
 ],
 "rec_macro": [
  0.22419576432768545,
  0.34448068929517556,
  0.3953141086375297
 ],
 "f1_macro": [
  0.29873480075568765,
  0.41606151931508606,
  0.47960491090879903
 ],
 "acc_micro": [
  0.2664705264263921,
  0.37687019813990724,
  0.4329886352001594
 ],
 "prec_micro": [
  0.6806226516371261,
  0.7043264689212034,
  0.7459869465514068
 ],
 "rec_micro": [
  0.3045514591089191,
  0.44770025219166026,
  0.5078659781433829
 ],
 "f1_micro": [
  0.42080809756906296,
  0.5474302496328848,
  0.6043155187196254
 ],
 "rec_at_5": [
  0.5223851173627959,
  0.5856702838686256,
  0.631188453517854
 ],
 "prec_at_5": [
  0.49349489795918366,
  0.553061224489796,
  0.5926020408163266
 ],
 "f1_at_5": [
  0.5075292087651555,
  0.5688988527429342,
  0.6112869276662992
 ],
 "rec_at_8": [
  0.6721923661655804,
  0.7220409187963397,
  0.7691231157589575
 ],
 "prec_at_8": [
  0.41111288265306123,
  0.44371811224489793,
  0.47480867346938777
 ],
 "f1_at_8": [
  0.51019219495719,
  0.5496549885883754,
  0.587148474683955
 ],
 "rec_at_15": [
  0.8500465149221526,
  0.8888894304391755,
  0.9126787832703012
 ],
 "prec_at_15": [
  0.28898809523809527,
  0.3036139455782313,
  0.3136479591836735
 ],
 "f1_at_15": [
  0.43133601212797856,
  0.4526263532431047,
  0.4668573681923305
 ],
 "auc_macro": [
  0.8075832588218543,
  0.8439209885317639,
  0.8715888324809811
 ],
 "auc_micro": [
  0.8500617552526053,
  0.8823295338920705,
  0.9034940747108449
 ],
 "loss_dev": [
  0.30275041427064153,
  0.27172002107337384,
  0.24867411372037984
 ],
 "acc_macro_te": [
  0.33632495755097125
 ],
 "prec_macro_te": [
  0.5979451349318959
 ],
 "rec_macro_te": [
  0.39552126893372785
 ],
 "f1_macro_te": [
  0.4761107524135292
 ],
 "acc_micro_te": [
  0.42473946533755846
 ],
 "prec_micro_te": [
  0.7453880407124563
 ],
 "rec_micro_te": [
  0.49682001271994386
 ],
 "f1_micro_te": [
  0.5962345757537133
 ],
 "rec_at_5_te": [
  0.6270888600532698
 ],
 "prec_at_5_te": [
  0.5974537037037038
 ],
 "f1_at_5_te": [
  0.6119126816477326
 ],
 "rec_at_8_te": [
  0.762684263074888
 ],
 "prec_at_8_te": [
  0.4798177083333333
 ],
 "f1_at_8_te": [
  0.589052450155442
 ],
 "rec_at_15_te": [
  0.9103877419198602
 ],
 "prec_at_15_te": [
  0.32133487654320986
 ],
 "f1_at_15_te": [
  0.4750084609492634
 ],
 "auc_macro_te": [
  0.8702839207221246
 ],
 "auc_micro_te": [
  0.9038093607166253
 ],
 "loss_test_te": [
  0.2529733134983366
 ],
 "loss_tr": [
  0.3226064976363901,
  0.27234472887265304,
  0.24728208218538572
 ]
}