{
 "acc_macro": [
  0.19382798973617682,
  0.28540615066099045,
  0.3248750463379474
 ],
 "prec_macro": [
  0.4604220311839735,
  0.48514741110481807,
  0.5784392360252091
 ],
 "rec_macro": [
  0.22784840569825443,
  0.35125625312200115,
  0.37653201294602934
 ],
 "f1_macro": [
  0.3048407141496075,
  0.40748521108894803,
  0.4561412506233369
 ],
 "acc_micro": [
  0.2861993209506662,
  0.3954047298596386,
  0.4276597866188012
 ],
 "prec_micro": [
  0.6949563530552693,
  0.7141864907101804,
  0.7711254944264514
 ],
 "rec_micro": [
  0.32731841023297936,
  0.4697350388305109,
  0.48983554134307344
 ],
 "f1_micro": [
  0.44503105590061426,
  0.5667240785394341,
  0.5991060203939014
 ],
 "rec_at_5": [
  0.5182137149920704,
  0.575454080933962,
  0.613838490019261
 ],
 "prec_at_5": [
  0.5106166560712015,
  0.5677050222504768,
  0.60368722186904
 ],
 "f1_at_5": [
  0.5143871365422834,
  0.5715532875707403,
  0.6087205372300357
 ],
 "rec_at_8": [
  0.6532990685504615,
  0.7099503270663661,
  0.7529021410925602
 ],
 "prec_at_8": [
  0.4188652256834075,
  0.4570089001907184,
  0.48569612205975843
 ],
 "f1_at_8": [
  0.5104521074966137,
  0.5560667598049039,
  0.5904766074650555
 ],
 "rec_at_15": [
  0.8250964593392889,
  0.864039328471287,
  0.8973956845418272
 ],
 "prec_at_15": [
  0.2944691671964399,
  0.30942996397541855,
  0.3230769230769231
 ],
 "f1_at_15": [
  0.4340352391671393,
  0.4556738893861726,
  0.47510748661529967
 ],
 "auc_macro": [
  0.8079942844885326,
  0.8441429948300934,
  0.8686260521040234
 ],
 "auc_micro": [
  0.8550923368929779,
  0.8838766269424151,
  0.9038166514550832
 ],
 "loss_dev": [
  0.2912723708729682,
  0.26306651607724185,
  0.24188245541741155
 ],
 "acc_macro_te": [
  0.33241566825915886
 ],
 "prec_macro_te": [
  0.6108645738541671
 ],
 "rec_macro_te": [
  0.3862238655762048
 ],
 "f1_macro_te": [
  0.47323881759636593
 ],
 "acc_micro_te": [
  0.4259047283613593
 ],
 "prec_micro_te": [
  0.7697326543602678
 ],
 "rec_micro_te": [
  0.48809283551967214
 ],
 "f1_micro_te": [
  0.5973817463257923
 ],
 "rec_at_5_te": [
  0.6078979981524806
 ],
 "prec_at_5_te": [
  0.6074031231925968
 ],
 "f1_at_5_te": [
  0.6076504599151126
 ],
 "rec_at_8_te": [
  0.7466408607458347
 ],
 "prec_at_8_te": [
  0.4926257952573742
 ],
 "f1_at_8_te": [
  0.5936003297027541
 ],
 "rec_at_15_te": [
  0.8947375627392979
 ],
 "prec_at_15_te": [
  0.3308270676691729
 ],
 "f1_at_15_te": [
  0.48304821609587245
 ],
 "auc_macro_te": [
  0.8703409709103289
 ],
 "auc_micro_te": [
  0.9036388421367312
 ],
 "loss_test_te": [
  0.24697182606420914
 ],
 "loss_tr": [
  0.3040459326883354,
  0.2604181334228799,
  0.23793825409790076
 ]
}