{
 "acc_macro": [
  7.677997176327611e-05,
  0.0,
  0.0
 ],
 "prec_macro": [
  0.0012711244136729368,
  0.0,
  0.0
 ],
 "rec_macro": [
  8.758393573561943e-05,
  0.0,
  0.0
 ],
 "f1_macro": [
  0.0001638763447763742,
  0.0,
  0.0
 ],
 "acc_micro": [
  0.0011044057902417817,
  0.0,
  0.0
 ],
 "prec_micro": [
  0.12903225806445667,
  0.0,
  0.0
 ],
 "rec_micro": [
  0.0011127006835161299,
  0.0,
  0.0
 ],
 "f1_micro": [
  0.002206374847326723,
  0.0,
  0.0
 ],
 "rec_at_5": [
  0.049500792552218495,
  0.05228012457959862,
  0.06692735399342183
 ],
 "prec_at_5": [
  0.15524218270999388,
  0.16922133660331085,
  0.21606376456161863
 ],
 "f1_at_5": [
  0.07506593153527637,
  0.0798813020185159,
  0.10219809109065227
 ],
 "rec_at_8": [
  0.06519617199211339,
  0.07300194313485774,
  0.09023563437441441
 ],
 "prec_at_8": [
  0.12760576333537707,
  0.1459993868792152,
  0.17780502759043532
 ],
 "f1_at_8": [
  0.08630003925496849,
  0.09733492429471244,
  0.11971578746277839
 ],
 "rec_at_15": [
  0.09408316544562276,
  0.11166437115015686,
  0.12636988994838802
 ],
 "prec_at_15": [
  0.09777232781524625,
  0.11669732270590638,
  0.13043122828530554
 ],
 "f1_at_15": [
  0.09589227743755885,
  0.11412538534659299,
  0.1283684438573799
 ],
 "auc_macro": [
  0.5220203474858853,
  0.5238850440440661,
  0.5228563146322955
 ],
 "auc_micro": [
  0.707014291163648,
  0.7024596866516842,
  0.7497508475659507
 ],
 "loss_dev": [
  0.13131670862125663,
  0.09180591210202159,
  0.08034200221414328
 ],
 "acc_macro_te": [
  0.0
 ],
 "prec_macro_te": [
  0.0
 ],
 "rec_macro_te": [
  0.0
 ],
 "f1_macro_te": [
  0.0
 ],
 "acc_micro_te": [
  0.0
 ],
 "prec_micro_te": [
  0.0
 ],
 "rec_micro_te": [
  0.0
 ],
 "f1_micro_te": [
  0.0
 ],
 "rec_at_5_te": [
  0.06887801150410804
 ],
 "prec_at_5_te": [
  0.22295373665480428
 ],
 "f1_at_5_te": [
  0.10524290201511102
 ],
 "rec_at_8_te": [
  0.09114520369835107
 ],
 "prec_at_8_te": [
  0.18238434163701067
 ],
 "f1_at_8_te": [
  0.12154780537154586
 ],
 "rec_at_15_te": [
  0.12624921992042998
 ],
 "prec_at_15_te": [
  0.1319691577698695
 ],
 "f1_at_15_te": [
  0.12904583609447778
 ],
 "auc_macro_te": [
  0.5178815424960076
 ],
 "auc_micro_te": [
  0.7474251261319004
 ],
 "loss_test_te": [
  0.08181658357907692
 ],
 "loss_tr": [
  0.33287376433610916,
  0.08778339117765427,
  0.06101607769727707
 ]
}