{
 "acc_macro": [
  0.14366233879510296,
  0.18991516815607107,
  0.2326375118604056
 ],
 "prec_macro": [
  0.30779715827082405,
  0.3982327548242025,
  0.45691577263838357
 ],
 "rec_macro": [
  0.1843407514677766,
  0.23945310482970775,
  0.2890020895806381
 ],
 "f1_macro": [
  0.23058398197947044,
  0.299075377457159,
  0.3540593937836852
 ],
 "acc_micro": [
  0.25668896321069967,
  0.31930616853124993,
  0.3567722122206888
 ],
 "prec_micro": [
  0.6459758022093465,
  0.6716321243523171,
  0.7339869281045591
 ],
 "rec_micro": [
  0.29871077596691437,
  0.37837509121867696,
  0.40975431768425674
 ],
 "f1_micro": [
  0.4085163007318628,
  0.4840516570717211,
  0.5259132063690207
 ],
 "rec_at_5": [
  0.476737204661553,
  0.5167081823311956,
  0.5526027038582665
 ],
 "prec_at_5": [
  0.4715829624920534,
  0.5070565797838525,
  0.5376986649713923
 ],
 "f1_at_5": [
  0.4741460765919989,
  0.5118368855319995,
  0.5450488179119102
 ],
 "rec_at_8": [
  0.649025499470509,
  0.6798078466705294,
  0.7060819557640918
 ],
 "prec_at_8": [
  0.4077399872854418,
  0.42283852511125236,
  0.4393674507310871
 ],
 "f1_at_8": [
  0.5008370394729731,
  0.5213801171462256,
  0.5416728615897972
 ],
 "rec_at_15": [
  0.8563316513252941,
  0.8712412737365057,
  0.8950915052313653
 ],
 "prec_at_15": [
  0.29184149184149183,
  0.29828353464717106,
  0.30561559652468745
 ],
 "f1_at_15": [
  0.4353230314107063,
  0.44441456016617076,
  0.45565471198660734
 ],
 "auc_macro": [
  0.7466094956891287,
  0.7753062346456292,
  0.8118155188601617
 ],
 "auc_micro": [
  0.8238616588324179,
  0.8433098228880649,
  0.8627550561854144
 ],
 "loss_dev": [
  0.35332140416020585,
  0.33724623287625927,
  0.31472215333033426
 ],
 "acc_macro_te": [
  0.24100885241829992
 ],
 "prec_macro_te": [
  0.5060606868557485
 ],
 "rec_macro_te": [
  0.293089977559191
 ],
 "f1_macro_te": [
  0.37119737731239094
 ],
 "acc_micro_te": [
  0.35773441218467056
 ],
 "prec_micro_te": [
  0.745043616177622
 ],
 "rec_micro_te": [
  0.40763640308059
 ],
 "f1_micro_te": [
  0.5269578630021661
 ],
 "rec_at_5_te": [
  0.5574072287201264
 ],
 "prec_at_5_te": [
  0.5475997686524002
 ],
 "f1_at_5_te": [
  0.5524599757614271
 ],
 "rec_at_8_te": [
  0.7117939832803916
 ],
 "prec_at_8_te": [
  0.4498987854251012
 ],
 "f1_at_8_te": [
  0.5513251991877167
 ],
 "rec_at_15_te": [
  0.9003079739488068
 ],
 "prec_at_15_te": [
  0.31343743975322924
 ],
 "f1_at_15_te": [
  0.4649908014617738
 ],
 "auc_macro_te": [
  0.8086231787487648
 ],
 "auc_micro_te": [
  0.8637185510241492
 ],
 "loss_test_te": [
  0.3177398985920785
 ],
 "loss_tr": [
  0.34371643088853987,
  0.32497175189973815,
  0.3035626055523236
 ]
}