{
 "acc_macro": [
  0.039452737261350006,
  0.016325818816365346,
  0.008653208793507077
 ],
 "prec_macro": [
  0.05677640731071705,
  0.04306164907276336,
  0.021489733023158018
 ],
 "rec_macro": [
  0.27680986457929624,
  0.05859836754352347,
  0.022143665138675727
 ],
 "f1_macro": [
  0.09422611745941609,
  0.04964276858069591,
  0.021811798852769165
 ],
 "acc_micro": [
  0.10104876606603795,
  0.09356413670661319,
  0.0701605799850936
 ],
 "prec_micro": [
  0.10867073303379426,
  0.15458512081545794,
  0.21604423117045465
 ],
 "rec_micro": [
  0.5902831432077418,
  0.19161023496795807,
  0.09412352860973462
 ],
 "f1_micro": [
  0.183550028264556,
  0.17111778553453946,
  0.1311215929595737
 ],
 "rec_at_5": [
  0.08107575689003807,
  0.09437102606439829,
  0.09987271046355065
 ],
 "prec_at_5": [
  0.2147148988350705,
  0.25763335377069285,
  0.26584917228694055
 ],
 "f1_at_5": [
  0.11770603703451327,
  0.13814103083116602,
  0.14519818836710033
 ],
 "rec_at_8": [
  0.12974759914869718,
  0.12213576409189433,
  0.13253496503770754
 ],
 "prec_at_8": [
  0.2173513182096873,
  0.20869098712446352,
  0.2227161250766401
 ],
 "f1_at_8": [
  0.16249438012734393,
  0.15409052065967113,
  0.1661792161756075
 ],
 "rec_at_15": [
  0.23809890120418972,
  0.19483934945067394,
  0.20175501527580258
 ],
 "prec_at_15": [
  0.20956468424279584,
  0.1764970365828735,
  0.18078888207643573
 ],
 "f1_at_15": [
  0.22292240276631442,
  0.18521517998870232,
  0.1906974018798219
 ],
 "auc_macro": [
  0.5230538686693179,
  0.5093984855000941,
  0.5019667692308075
 ],
 "auc_micro": [
  0.7287377531205745,
  0.7515033935020218,
  0.7440854674610987
 ],
 "loss_dev": [
  0.5677457849062856,
  0.3578550332093955,
  0.23470261686605445
 ],
 "acc_macro_te": [
  0.008593897613760117
 ],
 "prec_macro_te": [
  0.043922805532325554
 ],
 "rec_macro_te": [
  0.022615921875851826
 ],
 "f1_macro_te": [
  0.029857942199394312
 ],
 "acc_micro_te": [
  0.07187875637568618
 ],
 "prec_micro_te": [
  0.22742457727295973
 ],
 "rec_micro_te": [
  0.09509993552546724
 ],
 "f1_micro_te": [
  0.13411732613999686
 ],
 "rec_at_5_te": [
  0.1023281644139709
 ],
 "prec_at_5_te": [
  0.2767497034400949
 ],
 "f1_at_5_te": [
  0.149411461636889
 ],
 "rec_at_8_te": [
  0.13309357014254872
 ],
 "prec_at_8_te": [
  0.22790628706998814
 ],
 "f1_at_8_te": [
  0.16804916012040963
 ],
 "rec_at_15_te": [
  0.19956717463376264
 ],
 "prec_at_15_te": [
  0.18220640569395016
 ],
 "f1_at_15_te": [
  0.19049205842531802
 ],
 "auc_macro_te": [
  0.49855821562171637
 ],
 "auc_micro_te": [
  0.7453259055643284
 ],
 "loss_test_te": [
  0.23458432700940157
 ],
 "loss_tr": [
  0.6055355072021484,
  0.4093209036758968,
  0.27489883984838215
 ]
}