{
 "acc_macro": [
  0.07551444659264454,
  0.05033750550239888
 ],
 "prec_macro": [
  0.2695752309029206,
  0.1329528741732968
 ],
 "rec_macro": [
  0.097713159054734,
  0.06961134037212909
 ],
 "f1_macro": [
  0.1434352303783446,
  0.09137870475591564
 ],
 "acc_micro": [
  0.1917816472856529,
  0.15293898578610793
 ],
 "prec_micro": [
  0.6493268053855437,
  0.6664863402758814
 ],
 "rec_micro": [
  0.21394004570506645,
  0.1656136577496964
 ],
 "f1_micro": [
  0.32184024266935973,
  0.26530282637953956
 ],
 "rec_at_5": [
  0.3330232624936581,
  0.362995646253771
 ],
 "prec_at_5": [
  0.5827099938687921,
  0.6295524218270999
 ],
 "f1_at_5": [
  0.4238264405001289,
  0.4604810498570937
 ],
 "rec_at_8": [
  0.4681422351320636,
  0.5308621599186515
 ],
 "prec_at_8": [
  0.5190833844267321,
  0.5841508277130595
 ],
 "f1_at_8": [
  0.49229852019855136,
  0.5562331085966689
 ],
 "rec_at_15": [
  0.6742645788927629,
  0.8017495834032963
 ],
 "prec_at_15": [
  0.40310647864295934,
  0.4800326997751891
 ],
 "f1_at_15": [
  0.5045623198618875,
  0.6005169865670951
 ],
 "auc_macro": [
  0.536424124716432,
  0.525917112322539
 ],
 "auc_micro": [
  0.7085994976545303,
  0.803465474900378
 ],
 "loss_dev": [
  0.6378438569957094,
  0.47904967656901537
 ],
 "acc_macro_te": [
  0.05050412939375473
 ],
 "prec_macro_te": [
  0.14379345250878947
 ],
 "rec_macro_te": [
  0.06932752746388177
 ],
 "f1_macro_te": [
  0.09355103874998884
 ],
 "acc_micro_te": [
  0.1525908278737339
 ],
 "prec_micro_te": [
  0.6761678543151138
 ],
 "rec_micro_te": [
  0.1646212169890119
 ],
 "f1_micro_te": [
  0.2647788342290189
 ],
 "rec_at_5_te": [
  0.362579494484256
 ],
 "prec_at_5_te": [
  0.6359430604982206
 ],
 "f1_at_5_te": [
  0.46184217321012244
 ],
 "rec_at_8_te": [
  0.5336022821868169
 ],
 "prec_at_8_te": [
  0.5937129300118624
 ],
 "f1_at_8_te": [
  0.5620549975552309
 ],
 "rec_at_15_te": [
  0.7999199195580844
 ],
 "prec_at_15_te": [
  0.48311585606959273
 ],
 "f1_at_15_te": [
  0.6024056445898643
 ],
 "auc_macro_te": [
  0.5204196944662722
 ],
 "auc_micro_te": [
  0.8026789975523431
 ],
 "loss_test_te": [
  0.48220697945936153
 ],
 "loss_tr": [
  0.5800327622890472,
  0.40625008702278137
 ]
}