{
 "acc_macro": [
  7.053280480743846e-05,
  1.7829125659652885e-05,
  0.0
 ],
 "prec_macro": [
  0.0002674368848940504,
  0.0012836970473684211,
  0.0
 ],
 "rec_macro": [
  8.914562829838825e-05,
  1.782912565967765e-05,
  0.0
 ],
 "f1_macro": [
  0.00013371844244744309,
  3.516978212315157e-05,
  0.0
 ],
 "acc_micro": [
  0.00022477971587843814,
  4.502679094060946e-05,
  0.0
 ],
 "prec_micro": [
  0.12195121951189768,
  0.499999999975,
  0.0
 ],
 "rec_micro": [
  0.0002251440922190192,
  4.5028818443803835e-05,
  0.0
 ],
 "f1_micro": [
  0.00044945840262483307,
  9.004952723998118e-05,
  0.0
 ],
 "rec_at_5": [
  0.008468485773062718,
  0.057951595111275366,
  0.06590048601841522
 ],
 "prec_at_5": [
  0.02121397915389332,
  0.16112814224402208,
  0.18749233599019008
 ],
 "f1_at_5": [
  0.012104808754723452,
  0.0852441487567975,
  0.09752317345486544
 ],
 "rec_at_8": [
  0.013005290950981371,
  0.07405337460673485,
  0.10265737802295286
 ],
 "prec_at_8": [
  0.02161250766400981,
  0.12867872470876762,
  0.17427958307786634
 ],
 "f1_at_8": [
  0.0162388691133608,
  0.09400675903765585,
  0.12920691388098154
 ],
 "rec_at_15": [
  0.040104098053324475,
  0.09597031505582924,
  0.16301962378719556
 ],
 "prec_at_15": [
  0.03621500102186797,
  0.08869814020028612,
  0.14351113836092377
 ],
 "f1_at_15": [
  0.0380604585112125,
  0.09219103986202518,
  0.1526445934556164
 ],
 "auc_macro": [
  0.5138526252565072,
  0.4988029209945443,
  0.49594340913574964
 ],
 "auc_micro": [
  0.6153106364582636,
  0.7152114121957764,
  0.7760020137270855
 ],
 "loss_dev": [
  0.12301788565426937,
  0.09339240868989855,
  0.08307619817705698
 ],
 "acc_macro_te": [
  0.0
 ],
 "prec_macro_te": [
  0.0
 ],
 "rec_macro_te": [
  0.0
 ],
 "f1_macro_te": [
  0.0
 ],
 "acc_micro_te": [
  0.0
 ],
 "prec_micro_te": [
  0.0
 ],
 "rec_micro_te": [
  0.0
 ],
 "f1_micro_te": [
  0.0
 ],
 "rec_at_5_te": [
  0.06664529312954366
 ],
 "prec_at_5_te": [
  0.19128113879003558
 ],
 "f1_at_5_te": [
  0.09884979581146328
 ],
 "rec_at_8_te": [
  0.10240766099730507
 ],
 "prec_at_8_te": [
  0.1786032028469751
 ],
 "f1_at_8_te": [
  0.13017529642783757
 ],
 "rec_at_15_te": [
  0.15789434062715113
 ],
 "prec_at_15_te": [
  0.14359430604982204
 ],
 "f1_at_15_te": [
  0.15040518786660942
 ],
 "auc_macro_te": [
  0.5031451437822169
 ],
 "auc_micro_te": [
  0.7762909856140754
 ],
 "loss_test_te": [
  0.08455435018257314
 ],
 "loss_tr": [
  0.24848178535699844,
  0.07237927302718163,
  0.05704467847943306
 ]
}