{
 "acc_macro": [
  0.04085623847251245,
  0.018140164472550013,
  0.004472400341873669
 ],
 "prec_macro": [
  0.05806011972422452,
  0.0444802843828991,
  0.016371986485885923
 ],
 "rec_macro": [
  0.2595072349132108,
  0.06604275053475414,
  0.010770154991458846
 ],
 "f1_macro": [
  0.094890239241155,
  0.05315815526425648,
  0.012992993358187356
 ],
 "acc_micro": [
  0.10359494499202478,
  0.10605537079428129,
  0.03867589302412554
 ],
 "prec_micro": [
  0.112162030517991,
  0.16810433353871376,
  0.17932708983697226
 ],
 "rec_micro": [
  0.5756033268190676,
  0.2231968367949815,
  0.04699359178293848
 ],
 "f1_micro": [
  0.18774088348651022,
  0.1917722631157616,
  0.07447153300442887
 ],
 "rec_at_5": [
  0.0795785227697343,
  0.06364075284060373,
  0.08332852772892987
 ],
 "prec_at_5": [
  0.20306560392397305,
  0.17572041692213367,
  0.22697731453096262
 ],
 "f1_at_5": [
  0.11434634057070259,
  0.09344021533212162,
  0.12190350855135013
 ],
 "rec_at_8": [
  0.1371973234071596,
  0.10316856049671733,
  0.12028471564232043
 ],
 "prec_at_8": [
  0.22156652360515022,
  0.17481606376456163,
  0.20424586143470264
 ],
 "f1_at_8": [
  0.16946152321871405,
  0.12975913109021817,
  0.1514042564806655
 ],
 "rec_at_15": [
  0.2208484572197224,
  0.20569195154090578,
  0.20327219281299755
 ],
 "prec_at_15": [
  0.19190680564071122,
  0.1837318618434498,
  0.1841406090333129
 ],
 "f1_at_15": [
  0.20536296333087375,
  0.19409272840499334,
  0.19323401398062937
 ],
 "auc_macro": [
  0.5142978907007889,
  0.4962326479426243,
  0.49534527535068174
 ],
 "auc_micro": [
  0.7275912428705295,
  0.7421802551185197,
  0.7406966908113838
 ],
 "loss_dev": [
  0.6013423636016635,
  0.36587094480387644,
  0.238347761776095
 ],
 "acc_macro_te": [
  0.004834813281943605
 ],
 "prec_macro_te": [
  0.028769776457369178
 ],
 "rec_macro_te": [
  0.01425815545841073
 ],
 "f1_macro_te": [
  0.01906686782138642
 ],
 "acc_micro_te": [
  0.03934157259286994
 ],
 "prec_micro_te": [
  0.18776066048174153
 ],
 "rec_micro_te": [
  0.047410272942187734
 ],
 "f1_micro_te": [
  0.07570479932737324
 ],
 "rec_at_5_te": [
  0.08225348679165372
 ],
 "prec_at_5_te": [
  0.22900355871886122
 ],
 "f1_at_5_te": [
  0.12103399080607938
 ],
 "rec_at_8_te": [
  0.12022203606128225
 ],
 "prec_at_8_te": [
  0.20781435349940688
 ],
 "f1_at_8_te": [
  0.1523237390456375
 ],
 "rec_at_15_te": [
  0.20392489409830344
 ],
 "prec_at_15_te": [
  0.18940292605773035
 ],
 "f1_at_15_te": [
  0.19639582891903892
 ],
 "auc_macro_te": [
  0.49614069481260026
 ],
 "auc_micro_te": [
  0.7418353844423703
 ],
 "loss_test_te": [
  0.23848662605842802
 ],
 "loss_tr": [
  0.6266360453196934,
  0.42341735107558115,
  0.28332183190754484
 ]
}