{
 "acc_macro": [
  0.06109586614303983,
  0.05274945752838988
 ],
 "prec_macro": [
  0.2506292133621193,
  0.16524268840791942
 ],
 "rec_macro": [
  0.08788606110358368,
  0.0784674977983106
 ],
 "f1_macro": [
  0.1301377871037131,
  0.1064065519022929
 ],
 "acc_micro": [
  0.1744269340974202,
  0.16639168958142275
 ],
 "prec_micro": [
  0.6092577147622892,
  0.6467933491686307
 ],
 "rec_micro": [
  0.19639736523726176,
  0.18302191154724975
 ],
 "f1_micro": [
  0.29704178103079903,
  0.2853101424979015
 ],
 "rec_at_5": [
  0.342484267287186,
  0.36013327402715095
 ],
 "prec_at_5": [
  0.6011036174126303,
  0.6268546903740037
 ],
 "f1_at_5": [
  0.43635263934897733,
  0.45745488319229566
 ],
 "rec_at_8": [
  0.5110048601384474,
  0.5294807541526254
 ],
 "prec_at_8": [
  0.5624616799509503,
  0.5831545064377682
 ],
 "f1_at_8": [
  0.5354999738932437,
  0.5550230139072359
 ],
 "rec_at_15": [
  0.6905884247771453,
  0.784329120415336
 ],
 "prec_at_15": [
  0.41148579603515223,
  0.46879215205395464
 ],
 "f1_at_15": [
  0.515695444709044,
  0.5868344019945625
 ],
 "auc_macro": [
  0.5260309372415374,
  0.5167084827570774
 ],
 "auc_micro": [
  0.7418450956316421,
  0.7968913511147236
 ],
 "loss_dev": [
  0.5911695125057681,
  0.4813118455674588
 ],
 "acc_macro_te": [
  0.0523220026088471
 ],
 "prec_macro_te": [
  0.15502443988085549
 ],
 "rec_macro_te": [
  0.0770890481105688
 ],
 "f1_macro_te": [
  0.10297278807624297
 ],
 "acc_micro_te": [
  0.16443129905118845
 ],
 "prec_micro_te": [
  0.6501099918953265
 ],
 "rec_micro_te": [
  0.18039581057636644
 ],
 "f1_micro_te": [
  0.28242335839850974
 ],
 "rec_at_5_te": [
  0.3611969203983227
 ],
 "prec_at_5_te": [
  0.6343416370106761
 ],
 "f1_at_5_te": [
  0.46029808501843134
 ],
 "rec_at_8_te": [
  0.5296889938682643
 ],
 "prec_at_8_te": [
  0.5904137010676157
 ],
 "f1_at_8_te": [
  0.5584052974757747
 ],
 "rec_at_15_te": [
  0.7800861422594673
 ],
 "prec_at_15_te": [
  0.47121391854487943
 ],
 "f1_at_15_te": [
  0.5875288580428156
 ],
 "auc_macro_te": [
  0.5240855862197121
 ],
 "auc_micro_te": [
  0.7960226648679379
 ],
 "loss_test_te": [
  0.48487681432374147
 ],
 "loss_tr": [
  0.5476089870929718,
  0.38940516591072083
 ]
}