{
 "acc_macro": [
  0.038597859845525676,
  0.01978321249622151,
  0.003367019734445468
 ],
 "prec_macro": [
  0.05718407732554248,
  0.05010877296000241,
  0.028223425199391177
 ],
 "rec_macro": [
  0.253452551900536,
  0.08824202809739268,
  0.006414571654444259
 ],
 "f1_macro": [
  0.09331449650574286,
  0.06392011781164972,
  0.010453328697920702
 ],
 "acc_micro": [
  0.10840235047727834,
  0.10089325758708308,
  0.019639214431422667
 ],
 "prec_micro": [
  0.11808737296604246,
  0.14628264874823846,
  0.14072800229291657
 ],
 "rec_micro": [
  0.5692860064536629,
  0.24537563059582673,
  0.022315138844702896
 ],
 "f1_micro": [
  0.19560108372307256,
  0.18329344265077768,
  0.0385218892201472
 ],
 "rec_at_5": [
  0.06566900809069764,
  0.06027257191843907,
  0.04433135678986986
 ],
 "prec_at_5": [
  0.18332311465358675,
  0.1641937461679951,
  0.125567136725935
 ],
 "f1_at_5": [
  0.09669901976587432,
  0.08817696533568713,
  0.06552808590691789
 ],
 "rec_at_8": [
  0.09671767150042687,
  0.09299855992550322,
  0.08204162056074249
 ],
 "prec_at_8": [
  0.16646229307173513,
  0.15895156345800124,
  0.14109442060085836
 ],
 "f1_at_8": [
  0.12234856406864061,
  0.11734280024146376,
  0.10375387909468262
 ],
 "rec_at_15": [
  0.17263746550945958,
  0.1857710920452051,
  0.18085988588930876
 ],
 "prec_at_15": [
  0.1543429388922951,
  0.16505211526670754,
  0.16509298998569383
 ],
 "f1_at_15": [
  0.162978413574341,
  0.17479979122479314,
  0.1726171476645029
 ],
 "auc_macro": [
  0.5138523457189523,
  0.49267523254303874,
  0.49076109918904987
 ],
 "auc_micro": [
  0.7163692873597707,
  0.7250956538073352,
  0.7351787053147217
 ],
 "loss_dev": [
  0.5690274244433601,
  0.35980033446937015,
  0.24406972995278003
 ],
 "acc_macro_te": [
  0.0033119760045042463
 ],
 "prec_macro_te": [
  0.04277728709319147
 ],
 "rec_macro_te": [
  0.00653925343272571
 ],
 "f1_macro_te": [
  0.01134432863634622
 ],
 "acc_micro_te": [
  0.019896972366380015
 ],
 "prec_micro_te": [
  0.15442925089179318
 ],
 "rec_micro_te": [
  0.02232967977648824
 ],
 "f1_micro_te": [
  0.03901761237748305
 ],
 "rec_at_5_te": [
  0.04618379809437607
 ],
 "prec_at_5_te": [
  0.133214709371293
 ],
 "f1_at_5_te": [
  0.06858876729486885
 ],
 "rec_at_8_te": [
  0.08543020227464662
 ],
 "prec_at_8_te": [
  0.14902135231316727
 ],
 "f1_at_8_te": [
  0.10860174754428328
 ],
 "rec_at_15_te": [
  0.18347421547016043
 ],
 "prec_at_15_te": [
  0.17066034005535785
 ],
 "f1_at_15_te": [
  0.17683545146879237
 ],
 "auc_macro_te": [
  0.48697472638622935
 ],
 "auc_micro_te": [
  0.7372351986236492
 ],
 "loss_test_te": [
  0.24379992471789125
 ],
 "loss_tr": [
  0.6009759477206639,
  0.41174441150256563,
  0.28673780390194487
 ]
}