{
 "acc_macro": [
  0.0,
  0.0,
  0.0
 ],
 "prec_macro": [
  0.0,
  0.0,
  0.0
 ],
 "rec_macro": [
  0.0,
  0.0,
  0.0
 ],
 "f1_macro": [
  0.0,
  0.0,
  0.0
 ],
 "acc_micro": [
  0.0,
  0.0,
  0.0
 ],
 "prec_micro": [
  0.0,
  0.0,
  0.0
 ],
 "rec_micro": [
  0.0,
  0.0,
  0.0
 ],
 "f1_micro": [
  0.0,
  0.0,
  0.0
 ],
 "rec_at_5": [
  0.04546441765091899,
  0.1644026473286658,
  0.18166596298861637
 ],
 "prec_at_5": [
  0.12299202942979764,
  0.43359901900674436,
  0.47087676272225626
 ],
 "f1_at_5": [
  0.06638821001669498,
  0.23841012698395614,
  0.26218139342741764
 ],
 "rec_at_8": [
  0.06951874809980126,
  0.2330872846739798,
  0.24267728626603394
 ],
 "prec_at_8": [
  0.11702942979767014,
  0.381591048436542,
  0.3981453096259963
 ],
 "f1_at_8": [
  0.0872240033868257,
  0.2894002164868179,
  0.301552485505258
 ],
 "rec_at_15": [
  0.14638576713618012,
  0.3070867897065098,
  0.3677649551616918
 ],
 "prec_at_15": [
  0.12908236255875738,
  0.26654404250970776,
  0.3207439198855508
 ],
 "f1_at_15": [
  0.1371906121251855,
  0.2853826877243211,
  0.34264880988498814
 ],
 "auc_macro": [
  0.5228146061293335,
  0.5225182833389144,
  0.5237115196697738
 ],
 "auc_micro": [
  0.6967147701759344,
  0.7749755683378132,
  0.8136310135913496
 ],
 "loss_dev": [
  0.21573479215036062,
  0.1818126462294893,
  0.17097611460380216
 ],
 "acc_macro_te": [
  0.0
 ],
 "prec_macro_te": [
  0.0
 ],
 "rec_macro_te": [
  0.0
 ],
 "f1_macro_te": [
  0.0
 ],
 "acc_micro_te": [
  0.0
 ],
 "prec_micro_te": [
  0.0
 ],
 "rec_micro_te": [
  0.0
 ],
 "f1_micro_te": [
  0.0
 ],
 "rec_at_5_te": [
  0.1780313577628094
 ],
 "prec_at_5_te": [
  0.47461447212336894
 ],
 "f1_at_5_te": [
  0.2589344940754118
 ],
 "rec_at_8_te": [
  0.23878213513843685
 ],
 "prec_at_8_te": [
  0.4000593119810202
 ],
 "f1_at_8_te": [
  0.29906330319541535
 ],
 "rec_at_15_te": [
  0.3593189286551677
 ],
 "prec_at_15_te": [
  0.3227362593910637
 ],
 "f1_at_15_te": [
  0.3400465211466522
 ],
 "auc_macro_te": [
  0.5366851076238677
 ],
 "auc_micro_te": [
  0.811430167309324
 ],
 "loss_test_te": [
  0.17405666817699958
 ],
 "loss_tr": [
  0.3419798755645752,
  0.14551058560609817,
  0.12445136785507202
 ]
}